profile,method,metric,generated,emitted,coverage,lower_miss,upper_miss,full_range,zero_exclusions,correct_direction,median_width,p90_width,median_clipped_width,bias,family,coverage_lower,emission_lower,joint_lower,lower_tail_upper,upper_tail_upper,refusals
1,bartlett_fixed_b_development,raw,1024,1024,963,19,42,0,1024,1024,0.0016429656878970897,0.0024026953921816793,0.0016429656878970897,-4.392797419723454e-06,1350,0.9058384519766934,0.990085035147218,0.9058384519766934,0.04130556788991231,0.07114728660331522,{}
1,bartlett_fixed_b_development,synthetic_excess,1024,1024,981,20,23,0,1024,1024,0.004846265380926175,0.0070059904318907395,0.004846265380926175,-2.952784824315835e-05,1350,0.9276146729415418,0.990085035147218,0.9276146729415418,0.04268105274918186,0.046749222265932484,{}
1,bartlett_fixed_b_development,win,1024,1024,952,16,56,0,1024,1024,0.06787673015844939,0.10302652953210571,0.06721924947043074,0.0002065022786458304,1350,0.892899009323042,0.990085035147218,0.892899009323042,0.03711023576599827,0.08819738157590365,{}
1,original_cr2,raw,1024,1024,964,11,49,0,1024,1024,0.001519206920569548,0.0018947580294649308,0.001519206920569548,-4.392797419723454e-06,1350,0.9070267838278671,0.990085035147218,0.9070267838278671,0.02981953463450615,0.07974398645155413,{}
1,original_cr2,synthetic_excess,1024,1024,967,27,30,0,1024,1024,0.004462012472039555,0.005296882489600259,0.004462012472039555,-2.952784824315835e-05,1350,0.9106051764202069,0.990085035147218,0.9106051764202069,0.05205817417522654,0.055968217933246224,{}
1,original_cr2,win,1024,1024,949,9,66,0,1024,1024,0.0616073302173316,0.08186956937716432,0.0616073302173316,0.0002065022786458304,1350,0.889408056621414,0.990085035147218,0.889408056621414,0.02675676100679563,0.1000718981145961,{}
2,bartlett_fixed_b_development,raw,1024,1024,961,17,46,0,1024,1024,0.0027371787365427272,0.003914626190869605,0.0027371787365427272,-6.768927385911749e-06,1350,0.9034681871665156,0.990085035147218,0.9034681871665156,0.038521066413069426,0.07607895876393368,{}
2,bartlett_fixed_b_development,synthetic_excess,1024,1024,972,23,29,0,1024,1024,0.005324705922116198,0.007653574925393031,0.005324705922116198,-4.16315903555959e-05,1350,0.9166171836841657,0.990085035147218,0.9166171836841657,0.046749222265932484,0.05467101504064003,{}
2,bartlett_fixed_b_development,win,1024,1024,959,23,42,0,1024,1024,0.12981697992294255,0.18149011610308807,0.12981697992294255,-4.882812500001114e-05,1350,0.9011061467560554,0.990085035147218,0.9011061467560554,0.046749222265932484,0.07114728660331522,{}
2,original_cr2,raw,1024,1024,957,21,46,0,1024,1024,0.002517020330576587,0.003015565871599711,0.002517020330576587,-6.768927385911749e-06,1350,0.8987519857419591,0.990085035147218,0.8987519857419591,0.04404639173150403,0.07607895876393368,{}
2,original_cr2,synthetic_excess,1024,1024,974,20,30,0,1024,1024,0.004907646978945161,0.005834490942012425,0.004907646978945161,-4.16315903555959e-05,1350,0.9190402679836674,0.990085035147218,0.9190402679836674,0.04268105274918186,0.055968217933246224,{}
2,original_cr2,win,1024,1024,960,18,46,0,1024,1024,0.11845294603704146,0.14087379788961546,0.11845294603704146,-4.882812500001114e-05,1350,0.9022861610879103,0.990085035147218,0.9022861610879103,0.03991918837356996,0.07607895876393368,{}
3,bartlett_fixed_b_development,raw,1024,1024,978,22,24,0,46,0,0.00337356863672454,0.004719280456591512,0.00337356863672454,-2.3700132434862142e-05,1350,0.9239210412360651,0.990085035147218,0.9239210412360651,0.04540225012910099,0.04808784169819587,{}
3,bartlett_fixed_b_development,synthetic_excess,1024,1024,977,23,24,0,288,286,0.005719403499562122,0.008159666484688214,0.005719403499562122,-1.1874154815765303e-05,1350,0.9226963135647377,0.990085035147218,0.9226963135647377,0.046749222265932484,0.04808784169819587,{}
3,bartlett_fixed_b_development,win,1024,1024,965,27,32,0,59,0,0.16239082616142636,0.22582009244428408,0.16239082616142636,-0.0008138020833333339,1350,0.9082173138662004,0.990085035147218,0.9082173138662004,0.05205817417522654,0.058545589422046636,{}
3,original_cr2,raw,1024,1024,972,27,25,0,52,0,0.0030721023644466675,0.003609541522638115,0.0030721023644466675,-2.3700132434862142e-05,1350,0.9166171836841657,0.990085035147218,0.9166171836841657,0.05205817417522654,0.0494185896006637,{}
3,original_cr2,synthetic_excess,1024,1024,977,26,21,0,336,336,0.0051679144956107235,0.006183223472654259,0.0051679144956107235,-1.1874154815765303e-05,1350,0.9226963135647377,0.990085035147218,0.9226963135647377,0.05074190171870807,0.04404639173150403,{}
3,original_cr2,win,1024,1024,977,25,22,0,47,0,0.1482067254575547,0.1732642442025379,0.1482067254575547,-0.0008138020833333339,1350,0.9226963135647377,0.990085035147218,0.9226963135647377,0.0494185896006637,0.04540225012910099,{}
4,bartlett_fixed_b_development,raw,1024,1024,963,46,15,0,1024,1024,0.0026911721765718864,0.0039428241012597525,0.0026911721765718864,5.048924556363305e-05,1350,0.9058384519766934,0.990085035147218,0.9058384519766934,0.07607895876393368,0.03568558706522472,{}
4,bartlett_fixed_b_development,synthetic_excess,1024,1024,983,29,12,0,852,852,0.005303858160389144,0.00741888342202366,0.005303858160389144,8.067736003103522e-05,1350,0.9300943572255866,0.990085035147218,0.9300943572255866,0.05467101504064003,0.0313147543703172,{}
4,bartlett_fixed_b_development,win,1024,1024,965,43,16,0,1024,1024,0.1258297820847022,0.18379493394591875,0.1258297820847022,0.0024342854817707904,1350,0.9082173138662004,0.990085035147218,0.9082173138662004,0.07238532705845702,0.03711023576599827,{}
4,original_cr2,raw,1024,1024,967,40,17,0,1024,1024,0.0024849302709478932,0.002981978888871229,0.0024849302709478932,5.048924556363305e-05,1350,0.9106051764202069,0.990085035147218,0.9106051764202069,0.0686602725127153,0.038521066413069426,{}
4,original_cr2,synthetic_excess,1024,1024,974,32,18,0,931,931,0.004868345637941602,0.0058249451987808796,0.004868345637941602,8.067736003103522e-05,1350,0.9190402679836674,0.990085035147218,0.9190402679836674,0.058545589422046636,0.03991918837356996,{}
4,original_cr2,win,1024,1024,967,43,14,0,1024,1024,0.1161292698453924,0.14029938653538587,0.1161292698453924,0.0024342854817707904,1350,0.9106051764202069,0.990085035147218,0.9106051764202069,0.07238532705845702,0.034245836101792805,{}
5,bartlett_fixed_b_development,raw,1024,1024,963,44,17,0,1024,1024,0.0015980091980370252,0.002348522562362348,0.0015980091980370252,1.2858518543875842e-05,1350,0.9058384519766934,0.990085035147218,0.9058384519766934,0.07361988032382569,0.038521066413069426,{}
5,bartlett_fixed_b_development,synthetic_excess,1024,1024,968,32,24,0,1023,1023,0.0047730746038538874,0.00675818468416676,0.0047730746038538874,5.3221934361570216e-05,1350,0.911802618424095,0.990085035147218,0.911802618424095,0.058545589422046636,0.04808784169819587,{}
5,bartlett_fixed_b_development,win,1024,1024,959,54,11,0,1024,1024,0.06832357848478421,0.09979892818362396,0.06709192613847481,0.0007090250651042126,1350,0.9011061467560554,0.990085035147218,0.9011061467560554,0.08579518436693843,0.02981953463450615,{}
5,original_cr2,raw,1024,1024,961,48,15,0,1024,1024,0.0015060038142314363,0.0019044128911744442,0.0015060038142314363,1.2858518543875842e-05,1350,0.9034681871665156,0.990085035147218,0.9034681871665156,0.07852533273352995,0.03568558706522472,{}
5,original_cr2,synthetic_excess,1024,1024,969,38,17,0,1024,1024,0.004414819454685422,0.005225487423614004,0.004414819454685422,5.3221934361570216e-05,1350,0.9130024778614979,0.990085035147218,0.9130024778614979,0.06615782249623167,0.038521066413069426,{}
5,original_cr2,win,1024,1024,956,62,6,0,1024,1024,0.06160733021733167,0.082238630163183,0.06160733021733167,0.0007090250651042126,1350,0.8975777590643723,0.990085035147218,0.8975777590643723,0.09534773108656963,0.02192005247661714,{}
6,bartlett_fixed_b_development,raw,1024,1024,961,9,54,0,1024,1024,0.0018965727463645422,0.002917505985993975,0.0018965727463645422,1.91266691359506e-06,1350,0.9034681871665156,0.990085035147218,0.9034681871665156,0.02675676100679563,0.08579518436693843,{}
6,bartlett_fixed_b_development,synthetic_excess,1024,1024,983,15,26,0,1024,1024,0.003928539024651977,0.005680581890303069,0.003928539024651977,-2.0376355448063508e-06,1350,0.9300943572255866,0.990085035147218,0.9300943572255866,0.03568558706522472,0.05074190171870807,{}
6,bartlett_fixed_b_development,win,1024,1023,937,4,82,0,1023,1023,0.08139365560732109,0.13036248452490817,0.08002622432965895,0.0004999592701205576,1350,0.8766093090969242,0.9875423659864618,0.875582921269924,0.018466449287309825,0.11879560128845691,"{""zero_variance"": 1}"
6,original_cr2,raw,1024,1024,947,6,71,0,1024,1024,0.0017171479601551902,0.002410088821065414,0.0017171479601551902,1.91266691359506e-06,1350,0.8870889082505421,0.990085035147218,0.8870889082505421,0.02192005247661714,0.10593395621475905,{}
6,original_cr2,synthetic_excess,1024,1024,979,20,25,0,1024,1024,0.0036473477069607785,0.004374258896788755,0.0036473477069607785,-2.0376355448063508e-06,1350,0.9251489437634483,0.990085035147218,0.9251489437634483,0.04268105274918186,0.0494185896006637,{}
6,original_cr2,win,1024,1023,930,2,91,0,1023,1023,0.07505084145861746,0.11129995926089002,0.07505084145861746,0.0004999592701205576,1350,0.8686190897968908,0.9875423659864618,0.8676091130731196,0.014635473922565036,0.12910433947135114,"{""zero_variance"": 1}"
7,bartlett_fixed_b_development,raw,1024,1024,979,25,20,0,45,0,0.004879929844429707,0.0067810117075051525,0.004879929844429707,3.7310235236488424e-05,1350,0.9251489437634483,0.990085035147218,0.9251489437634483,0.0494185896006637,0.04268105274918186,{}
7,bartlett_fixed_b_development,synthetic_excess,1024,1024,979,20,25,0,653,653,0.0032475189288979716,0.004684347250339635,0.0032475189288979716,2.9414445715102118e-05,1350,0.9251489437634483,0.990085035147218,0.9251489437634483,0.04268105274918186,0.0494185896006637,{}
7,bartlett_fixed_b_development,win,1024,1024,977,26,21,0,47,0,0.24084427901207436,0.33320126084555957,0.24084427901207436,0.0013376871744791665,1350,0.9226963135647377,0.990085035147218,0.9226963135647377,0.05074190171870807,0.04404639173150403,{}
7,original_cr2,raw,1024,1024,971,28,25,0,53,0,0.004408298517917643,0.005099332742400663,0.004408298517917643,3.7310235236488424e-05,1350,0.9154096953845473,0.990085035147218,0.9154096953845473,0.053367768355137006,0.0494185896006637,{}
7,original_cr2,synthetic_excess,1024,1024,980,26,18,0,735,735,0.0029900120979803493,0.0035150653429376314,0.0029900120979803493,2.9414445715102118e-05,1350,0.9263801196761731,0.990085035147218,0.9263801196761731,0.05074190171870807,0.03991918837356996,{}
7,original_cr2,win,1024,1024,967,30,27,0,57,0,0.21674628170081894,0.2494621934370859,0.21674628170081894,0.0013376871744791665,1350,0.9106051764202069,0.990085035147218,0.9106051764202069,0.055968217933246224,0.05205817417522654,{}
8,bartlett_fixed_b_development,raw,1024,1024,950,59,15,0,1024,1024,0.0018620707175683142,0.0028692731887950953,0.0018620707175683142,4.160546850193852e-06,1350,0.890570047042639,0.990085035147218,0.890570047042639,0.09178268613379835,0.03568558706522472,{}
8,bartlett_fixed_b_development,synthetic_excess,1024,1024,982,23,19,0,1024,1024,0.003978890247383784,0.005780392790734645,0.003978890247383784,2.532983194016673e-05,1350,0.9288527133966836,0.990085035147218,0.9288527133966836,0.046749222265932484,0.04130556788991231,{}
8,bartlett_fixed_b_development,win,1024,1024,953,64,7,0,1024,1024,0.08024686470509135,0.1347108170462501,0.07798460042411759,0.00043945312500004473,1350,0.8940660437852396,0.990085035147218,0.8940660437852396,0.09771383891208842,0.02357209272614107,{}
8,original_cr2,raw,1024,1024,951,62,11,0,1024,1024,0.0016972210809571148,0.0023282827168571926,0.0016972210809571148,4.160546850193852e-06,1350,0.8917336876831942,0.990085035147218,0.8917336876831942,0.09534773108656963,0.02981953463450615,{}
8,original_cr2,synthetic_excess,1024,1024,984,22,18,0,1024,1024,0.00366456805090522,0.004385180106890923,0.00366456805090522,2.532983194016673e-05,1350,0.9313397274872836,0.990085035147218,0.9313397274872836,0.04540225012910099,0.03991918837356996,{}
8,original_cr2,win,1024,1024,930,88,6,0,1024,1024,0.07410336272877727,0.10774258387599178,0.07410336272877727,0.00043945312500004473,1350,0.8676091130731196,0.990085035147218,0.8676091130731196,0.1255600184230783,0.02192005247661714,{}
9,bartlett_fixed_b_development,raw,1024,1024,875,6,143,0,1024,1024,0.002529528551582786,0.004542370128747478,0.002529528551582786,-4.54808741119695e-05,1350,0.8066572863602619,0.990085035147218,0.8066572863602619,0.02192005247661714,0.1868121713132722,{}
9,bartlett_fixed_b_development,synthetic_excess,1024,1024,970,18,36,0,1024,1024,0.0038276974931628245,0.0053949158087129466,0.0038276974931628245,-2.255745481165233e-05,1350,0.9142048156330603,0.990085035147218,0.9142048156330603,0.03991918837356996,0.06363879057721133,{}
9,bartlett_fixed_b_development,win,1024,1002,849,3,150,0,1002,1002,0.1191663425435848,0.2196124218831504,0.10424504178667271,-0.0008586992681304088,1350,0.7981048148326777,0.954597749870898,0.7786200722365069,0.016956877656542354,0.19857284587411594,"{""zero_variance"": 22}"
9,original_cr2,raw,1024,1024,860,3,161,0,1024,1024,0.0022770317387059117,0.0038429707539518773,0.0022770317387059117,-4.54808741119695e-05,1350,0.7904328098069535,0.990085035147218,0.7904328098069535,0.016595077732885155,0.20633339428861452,{}
9,original_cr2,synthetic_excess,1024,1024,970,18,36,0,1024,1024,0.0034941897413089413,0.004167526361382937,0.0034941897413089413,-2.255745481165233e-05,1350,0.9142048156330603,0.990085035147218,0.9142048156330603,0.03991918837356996,0.06363879057721133,{}
9,original_cr2,win,1024,1002,826,3,173,0,1002,1002,0.10895373613804094,0.18625282902647355,0.09920739943564963,-0.0008586992681304088,1350,0.7728209529282288,0.954597749870898,0.7541287995128929,0.016956877656542354,0.22389892067768066,"{""zero_variance"": 22}"
10,bartlett_fixed_b_development,raw,1024,1024,969,31,24,0,55,0,0.00722285454581589,0.009972908700061067,0.00722285454581589,4.9103885641194205e-05,1350,0.9130024778614979,0.990085035147218,0.9130024778614979,0.057259656670301626,0.04808784169819587,{}
10,bartlett_fixed_b_development,synthetic_excess,1024,1024,974,21,29,0,508,508,0.003759574969929934,0.005268580844544186,0.003759574969929934,2.7669590807407705e-05,1350,0.9190402679836674,0.990085035147218,0.9190402679836674,0.04404639173150403,0.05467101504064003,{}
10,bartlett_fixed_b_development,win,1024,1024,965,32,27,0,59,0,0.35658782804864503,0.495735825241698,0.35658782804864503,0.0024719238281250017,1350,0.9082173138662004,0.990085035147218,0.9082173138662004,0.058545589422046636,0.05205817417522654,{}
10,original_cr2,raw,1024,1024,973,24,27,0,51,0,0.0066021116276913745,0.007189382468338291,0.0066021116276913745,4.9103885641194205e-05,1350,0.9178273502149307,0.990085035147218,0.9178273502149307,0.04808784169819587,0.05205817417522654,{}
10,original_cr2,synthetic_excess,1024,1024,979,24,21,0,620,620,0.003449934279495929,0.003974136820232798,0.003449934279495929,2.7669590807407705e-05,1350,0.9251489437634483,0.990085035147218,0.9251489437634483,0.04808784169819587,0.04404639173150403,{}
10,original_cr2,win,1024,1024,970,28,26,0,54,0,0.32645948803454605,0.35440024416487836,0.32645948803454605,0.0024719238281250017,1350,0.9142048156330603,0.990085035147218,0.9142048156330603,0.053367768355137006,0.05074190171870807,{}
11,bartlett_fixed_b_development,raw,1024,1024,894,127,3,0,1024,1024,0.002632077257634393,0.004473274586098439,0.002632077257634393,9.020693850445366e-06,1350,0.8274252536259756,0.990085035147218,0.8274252536259756,0.16927091895182184,0.016595077732885155,{}
11,bartlett_fixed_b_development,synthetic_excess,1024,1024,976,32,16,0,1024,1024,0.00382754427579912,0.005414654773936195,0.00382754427579912,-3.172941767398876e-05,1350,0.9214746672664688,0.990085035147218,0.9214746672664688,0.058545589422046636,0.03711023576599827,{}
11,bartlett_fixed_b_development,win,1024,1001,865,134,2,0,1001,1001,0.12362387087737337,0.2187984561525974,0.10817089608649078,-0.00048076923076918526,1350,0.8168365509842558,0.9532507777340665,0.795825474138059,0.18092281665232923,0.014955035776704213,"{""zero_variance"": 23}"
11,original_cr2,raw,1024,1024,880,143,1,0,1024,1024,0.0023630463646341724,0.003917080735130881,0.0023630463646341724,9.020693850445366e-06,1350,0.8120976979106755,0.990085035147218,0.8120976979106755,0.1868121713132722,0.01245763401353762,{}
11,original_cr2,synthetic_excess,1024,1024,965,39,20,0,1024,1024,0.00346120312392812,0.004217673813205568,0.00346120312392812,-3.172941767398876e-05,1350,0.9082173138662004,0.990085035147218,0.9082173138662004,0.0674110452979268,0.04268105274918186,{}
11,original_cr2,win,1024,1001,845,156,0,0,1001,1001,0.1114271498714211,0.19142196889139884,0.10258857493571061,-0.00048076923076918526,1350,0.7945895314389936,0.9532507777340665,0.7743411597892809,0.20541046856100462,0.010141622133133276,"{""zero_variance"": 23}"
12,bartlett_fixed_b_development,raw,1024,1024,881,5,138,0,1024,1024,0.0025631466434312927,0.00450953682454397,0.0025631466434312927,-3.112397140092947e-05,1350,0.8131878286867262,0.990085035147218,0.8131878286867262,0.02021666682669199,0.18135094480306443,{}
12,bartlett_fixed_b_development,synthetic_excess,1024,1024,974,21,29,0,1024,1024,0.003721468241286916,0.005500325129118292,0.003721468241286916,7.197829053078493e-06,1350,0.9190402679836674,0.990085035147218,0.9190402679836674,0.04404639173150403,0.05467101504064003,{}
12,bartlett_fixed_b_development,win,1024,999,852,2,145,0,999,999,0.1261626518347586,0.2167768365929765,0.10920804330418328,-0.00010635635635635913,1350,0.8041862848499761,0.9505814103993353,0.7818349698023739,0.014984780207128692,0.19358496375845016,"{""zero_variance"": 25}"
12,original_cr2,raw,1024,1024,867,1,156,0,1024,1024,0.0023203328806449697,0.003916593793233211,0.0023203328806449697,-3.112397140092947e-05,1350,0.7979867888332681,0.990085035147218,0.7979867888332681,0.01245763401353762,0.20093162467805836,{}
12,original_cr2,synthetic_excess,1024,1024,967,20,37,0,1024,1024,0.0034531720511926933,0.004175140115087188,0.0034531720511926933,7.197829053078493e-06,1350,0.9106051764202069,0.990085035147218,0.9106051764202069,0.04268105274918186,0.06490045663267248,{}
12,original_cr2,win,1024,999,834,0,165,0,999,999,0.10996813897302679,0.18930088437740228,0.10153187572643893,-0.00010635635635635913,1350,0.784247327756912,0.9505814103993353,0.7626173184563618,0.010161822169557782,0.21575267224308634,"{""zero_variance"": 25}"
13,bartlett_fixed_b_development,raw,1024,1024,966,23,35,0,58,0,0.007240628069653956,0.00979863451133959,0.007240628069653956,-0.00010914717968361313,1350,0.9094100935306144,0.990085035147218,0.9094100935306144,0.046749222265932484,0.06237265663160652,{}
13,bartlett_fixed_b_development,synthetic_excess,1024,1024,975,22,27,0,580,579,0.0037599401168675103,0.005164702371307579,0.0037599401168675103,-5.7384183598133514e-05,1350,0.9202560135484447,0.990085035147218,0.9202560135484447,0.04540225012910099,0.05205817417522654,{}
13,bartlett_fixed_b_development,win,1024,1024,967,22,35,0,57,0,0.3576224879393629,0.48527714379415826,0.3576224879393629,-0.005076090494791665,1350,0.9106051764202069,0.990085035147218,0.9106051764202069,0.04540225012910099,0.06237265663160652,{}
13,original_cr2,raw,1024,1024,972,22,30,0,52,0,0.006571091515257338,0.007194884396343961,0.006571091515257338,-0.00010914717968361313,1350,0.9166171836841657,0.990085035147218,0.9166171836841657,0.04540225012910099,0.055968217933246224,{}
13,original_cr2,synthetic_excess,1024,1024,971,25,28,0,680,679,0.00343148638230253,0.0039166739977376476,0.00343148638230253,-5.7384183598133514e-05,1350,0.9154096953845473,0.990085035147218,0.9154096953845473,0.0494185896006637,0.053367768355137006,{}
13,original_cr2,win,1024,1024,964,25,35,0,60,0,0.3257165487334993,0.35598037393365856,0.3257165487334993,-0.005076090494791665,1350,0.9070267838278671,0.990085035147218,0.9070267838278671,0.0494185896006637,0.06237265663160652,{}
14,bartlett_fixed_b_development,raw,1024,1024,888,132,4,0,1024,1024,0.002704480078815521,0.0045830300659979685,0.002704480078815521,1.2167626375077885e-06,1350,0.8208385982759996,0.990085035147218,0.8208385982759996,0.17477335935069135,0.018448547919285366,{}
14,bartlett_fixed_b_development,synthetic_excess,1024,1024,966,39,19,0,1024,1024,0.0038133760015840274,0.0053944662194067294,0.0038133760015840274,-2.958817944270445e-05,1350,0.9094100935306144,0.990085035147218,0.9094100935306144,0.0674110452979268,0.04130556788991231,{}
14,bartlett_fixed_b_development,win,1024,1007,854,149,4,0,1007,1007,0.1272461479831749,0.2215980542179192,0.11004018832364437,-0.0009299486924858884,1350,0.7990777683432744,0.9614789335869297,0.7839810113669775,0.1965120587902816,0.01875767031521021,"{""zero_variance"": 17}"
14,original_cr2,raw,1024,1024,879,143,2,0,1024,1024,0.0024408074330291296,0.0039502715587909016,0.0024408074330291296,1.2167626375077885e-06,1350,0.8110082577253435,0.990085035147218,0.8110082577253435,0.1868121713132722,0.014621272556127414,{}
14,original_cr2,synthetic_excess,1024,1024,969,35,20,0,1024,1024,0.003504302194948638,0.004139149059449797,0.003504302194948638,-2.958817944270445e-05,1350,0.9130024778614979,0.990085035147218,0.9130024778614979,0.06237265663160652,0.04268105274918186,{}
14,original_cr2,win,1024,1007,843,163,1,0,1007,1007,0.11508146553796583,0.19252618388692244,0.10324533207921927,-0.0009299486924858884,1350,0.7870028423569237,0.9614789335869297,0.7722049037132228,0.21190253839355191,0.01266670815329602,"{""zero_variance"": 17}"
15,bartlett_fixed_b_development,raw,1024,1024,946,4,74,0,1024,1024,0.0015846303861619792,0.002753906161393613,0.0015846303861619792,-1.4193452010318289e-05,1350,0.8859316935428205,0.990085035147218,0.8859316935428205,0.018448547919285366,0.10942995295735965,{}
15,bartlett_fixed_b_development,synthetic_excess,1024,1024,966,25,33,0,1024,1024,0.004496089081762154,0.006553302309155493,0.004496089081762154,3.9191522301749144e-05,1350,0.9094100935306144,0.990085035147218,0.9094100935306144,0.0494185896006637,0.05982625513844516,{}
15,bartlett_fixed_b_development,win,1024,1024,914,6,104,0,1024,1024,0.07133214054980405,0.1303956911873204,0.07033412789514927,-0.0009521484375000034,1350,0.8495952794391683,0.990085035147218,0.8495952794391683,0.02192005247661714,0.1436815352665412,{}
15,original_cr2,raw,1024,1024,942,5,77,0,1024,1024,0.0014785601617230328,0.002397322350513626,0.0014785601617230328,-1.4193452010318289e-05,1350,0.8813179426278321,0.990085035147218,0.8813179426278321,0.02021666682669199,0.11291109174945649,{}
15,original_cr2,synthetic_excess,1024,1024,960,30,34,0,1024,1024,0.0041491322758079145,0.005546452648461313,0.0041491322758079145,3.9191522301749144e-05,1350,0.9022861610879103,0.990085035147218,0.9022861610879103,0.055968217933246224,0.06110187550189602,{}
15,original_cr2,win,1024,1024,913,2,109,0,1024,1024,0.06692344235480874,0.1143494896449831,0.06680293830913571,-0.0009521484375000034,1350,0.8484782238681409,0.990085035147218,0.8484782238681409,0.014621272556127414,0.14928669190097774,{}
16,bartlett_fixed_b_development,raw,1024,1024,948,39,37,0,76,0,0.004997861003898731,0.007124959443777457,0.004997861003898731,-2.8596955523912465e-06,1350,0.888247686635187,0.990085035147218,0.888247686635187,0.0674110452979268,0.06490045663267248,{}
16,bartlett_fixed_b_development,synthetic_excess,1024,1024,976,23,25,0,836,836,0.002577838788502741,0.0037339272073219055,0.002577838788502741,2.0910812624058415e-05,1350,0.9214746672664688,0.990085035147218,0.9214746672664688,0.046749222265932484,0.0494185896006637,{}
16,bartlett_fixed_b_development,win,1024,1024,954,36,34,0,70,0,0.2453211116832181,0.3543605091624505,0.2453211116832181,3.2552083333334465e-05,1350,0.8952348239863621,0.990085035147218,0.8952348239863621,0.06363879057721133,0.06110187550189602,{}
16,original_cr2,raw,1024,1024,954,34,36,0,70,0,0.004663404011044624,0.005901946323167244,0.004663404011044624,-2.8596955523912465e-06,1350,0.8952348239863621,0.990085035147218,0.8952348239863621,0.06110187550189602,0.06363879057721133,{}
16,original_cr2,synthetic_excess,1024,1024,977,22,25,0,905,905,0.0023498021007467215,0.0029926723654473773,0.0023498021007467215,2.0910812624058415e-05,1350,0.9226963135647377,0.990085035147218,0.9226963135647377,0.04540225012910099,0.0494185896006637,{}
16,original_cr2,win,1024,1024,956,31,37,0,68,0,0.23213686629967178,0.29130230724107437,0.23213686629967178,3.2552083333334465e-05,1350,0.8975777590643723,0.990085035147218,0.8975777590643723,0.057259656670301626,0.06490045663267248,{}
17,bartlett_fixed_b_development,raw,1024,1024,946,74,4,0,1024,1024,0.0015824683721380045,0.002744679274981036,0.0015824683721380045,1.3379689282132489e-05,1350,0.8859316935428205,0.990085035147218,0.8859316935428205,0.10942995295735965,0.018448547919285366,{}
17,bartlett_fixed_b_development,synthetic_excess,1024,1024,963,40,21,0,1022,1022,0.004516344668850924,0.00655478918829123,0.004516344668850924,2.9311388406331326e-05,1350,0.9058384519766934,0.990085035147218,0.9058384519766934,0.0686602725127153,0.04404639173150403,{}
17,bartlett_fixed_b_development,win,1024,1024,919,100,5,0,1024,1024,0.07161528428931063,0.1315903046728263,0.07115475848592379,0.00041775173611115256,1350,0.8551953905417158,0.990085035147218,0.8551953905417158,0.13917863228778635,0.02021666682669199,{}
17,original_cr2,raw,1024,1024,938,80,6,0,1024,1024,0.0014717879451432783,0.0023498181888987205,0.0014717879451432783,1.3379689282132489e-05,1350,0.876727187613149,0.990085035147218,0.876727187613149,0.11637815223315072,0.02192005247661714,{}
17,original_cr2,synthetic_excess,1024,1024,970,32,22,0,1023,1023,0.004193606943549371,0.005487130582554472,0.004193606943549371,2.9311388406331326e-05,1350,0.9142048156330603,0.990085035147218,0.9142048156330603,0.058545589422046636,0.04540225012910099,{}
17,original_cr2,win,1024,1024,914,105,5,0,1024,1024,0.06633740204461691,0.1113569944891899,0.06618365666688963,0.00041775173611115256,1350,0.8495952794391683,0.990085035147218,0.8495952794391683,0.14480460945828277,0.02021666682669199,{}
18,bartlett_fixed_b_development,raw,1024,1024,843,5,176,0,1024,1024,0.002628413102740396,0.004773483348843502,0.002628413102740396,-3.4962853346175686e-05,1350,0.7722049037132228,0.990085035147218,0.7722049037132228,0.02021666682669199,0.2224504647516492,{}
18,bartlett_fixed_b_development,synthetic_excess,1024,1024,967,21,36,0,1024,1024,0.0035018615907783483,0.005113540531958572,0.0035018615907783483,8.555190999000394e-06,1350,0.9106051764202069,0.990085035147218,0.9106051764202069,0.04404639173150403,0.06363879057721133,{}
18,bartlett_fixed_b_development,win,1024,967,813,1,153,0,967,967,0.1369731546264357,0.2332839263869156,0.11448680244357198,0.0002843846949327788,1350,0.7898773916841741,0.9106051764202069,0.7403989240188189,0.013187467281329994,0.2089784578550579,"{""zero_variance"": 57}"
18,original_cr2,raw,1024,1024,818,15,191,0,1024,1024,0.0021700664961648054,0.0032515397714103196,0.0021700664961648054,-3.4962853346175686e-05,1350,0.7456705494978622,0.990085035147218,0.7456705494978622,0.03568558706522472,0.23844545008663223,{}
18,original_cr2,synthetic_excess,1024,1024,923,41,60,0,1024,1024,0.00263488642687971,0.003178173762348337,0.00263488642687971,8.555190999000394e-06,1350,0.8596940236597289,0.990085035147218,0.8596940236597289,0.06990564277441223,0.09297321617213168,{}
18,original_cr2,win,1024,967,775,15,177,0,967,967,0.10547007713735339,0.1586670294356025,0.09563165717359316,0.0002843846949327788,1350,0.7468639446919477,0.9106051764202069,0.7006758526111951,0.037765141865310575,0.23625924242868934,"{""zero_variance"": 57}"
19,bartlett_fixed_b_development,raw,1024,1024,953,29,42,0,71,0,0.0073524070921198136,0.010473122244416905,0.0073524070921198136,-4.322710113105269e-05,1350,0.8940660437852396,0.990085035147218,0.8940660437852396,0.05467101504064003,0.07114728660331522,{}
19,bartlett_fixed_b_development,synthetic_excess,1024,1024,961,27,36,0,436,435,0.004291884435777781,0.0062178019371704665,0.004291884435777781,-2.5669718580981723e-05,1350,0.9034681871665156,0.990085035147218,0.9034681871665156,0.05205817417522654,0.06363879057721133,{}
19,bartlett_fixed_b_development,win,1024,1024,953,29,42,0,71,0,0.3621791502263427,0.5228367866109065,0.3621791502263427,-0.0022226969401041665,1350,0.8940660437852396,0.990085035147218,0.8940660437852396,0.05467101504064003,0.07114728660331522,{}
19,original_cr2,raw,1024,1024,891,60,73,0,133,0,0.005368069383932673,0.006149096220221594,0.005368069383932673,-4.322710113105269e-05,1350,0.8241284930115156,0.990085035147218,0.8241284930115156,0.09297321617213168,0.10826631231680447,{}
19,original_cr2,synthetic_excess,1024,1024,919,47,58,0,641,640,0.0033257774536560973,0.003886881501378779,0.0033257774536560973,-2.5669718580981723e-05,1350,0.8551953905417158,0.990085035147218,0.8551953905417158,0.07730368643526107,0.09058990646938422,{}
19,original_cr2,win,1024,1024,890,59,75,0,134,0,0.2650212381283631,0.3025012167900266,0.2650212381283631,-0.0022226969401041665,1350,0.8230311081601558,0.990085035147218,0.8230311081601558,0.09178268613379835,0.1105919433785847,{}
20,bartlett_fixed_b_development,raw,1024,1024,855,158,11,0,1024,1024,0.0028960851416450443,0.004707242584354344,0.0028960851416450443,1.7840768705707715e-05,1350,0.7850548766999039,0.990085035147218,0.7850548766999039,0.2030941766375478,0.02981953463450615,{}
20,bartlett_fixed_b_development,synthetic_excess,1024,1024,960,38,26,0,1024,1024,0.003545059514864517,0.005181336161319768,0.003545059514864517,-9.91094223774321e-06,1350,0.9022861610879103,0.990085035147218,0.9022861610879103,0.06615782249623167,0.05074190171870807,{}
20,bartlett_fixed_b_development,win,1024,963,831,126,6,0,963,963,0.14317696450085438,0.22933075243070822,0.11973909883188028,-0.0023537556247836184,1350,0.8144714589029325,0.9058384519766934,0.7594304875140836,0.17852381940866469,0.023296563511680916,"{""zero_variance"": 61}"
20,original_cr2,raw,1024,1024,826,185,13,0,1024,1024,0.0022807039367867678,0.0032606354888125083,0.0022807039367867678,1.7840768705707715e-05,1350,0.7541287995128929,0.990085035147218,0.7541287995128929,0.23206134523908586,0.032789482424824566,{}
20,original_cr2,synthetic_excess,1024,1024,910,63,51,0,1024,1024,0.002636961663987465,0.0032169842153273774,0.002636961663987465,-9.91094223774321e-06,1350,0.8451327830288865,0.990085035147218,0.8451327830288865,0.09653181283348315,0.0821726497850681,{}
20,original_cr2,win,1024,963,787,159,17,0,963,963,0.1074611486964504,0.1586670294356025,0.10127538693517624,-0.0023537556247836184,1350,0.7639262585858128,0.9058384519766934,0.713157950179726,0.2167014595304455,0.04093201343834002,"{""zero_variance"": 61}"
21,bartlett_fixed_b_development,raw,1024,1024,835,8,181,0,1024,1024,0.0031996175235594246,0.005071769873019312,0.0031996175235594246,-2.6050258307587565e-05,1350,0.763680582513798,0.990085035147218,0.763680582513798,0.02518207511638003,0.22779509628677552,{}
21,bartlett_fixed_b_development,synthetic_excess,1024,1024,961,29,34,0,1024,1024,0.003700208021851642,0.005383005891572403,0.003700208021851642,-3.987022629277969e-05,1350,0.9034681871665156,0.990085035147218,0.9034681871665156,0.05467101504064003,0.06110187550189602,{}
21,bartlett_fixed_b_development,win,1024,931,814,5,112,0,931,931,0.16622144881115541,0.2577753139124367,0.13520480397825152,0.003515485141424988,1350,0.8264310966762174,0.8687444970847167,0.7414523590180846,0.022218968489380316,0.1674709331714006,"{""zero_variance"": 93}"
21,original_cr2,raw,1024,1024,792,18,214,0,1024,1024,0.0023817379610694724,0.0034394858606712035,0.0023817379610694724,-2.6050258307587565e-05,1350,0.7183751868940531,0.990085035147218,0.7183751868940531,0.03991918837356996,0.2627587478043447,{}
21,original_cr2,synthetic_excess,1024,1024,877,64,83,0,1024,1024,0.0027149616416670148,0.0032736873532740883,0.0027149616416670148,-3.987022629277969e-05,1350,0.8088314256248009,0.990085035147218,0.8088314256248009,0.09771383891208842,0.1198318434230227,{}
21,original_cr2,win,1024,931,767,15,149,0,931,931,0.11921744053701916,0.16612604333606915,0.10677933741418788,0.003515485141424988,1350,0.7701908166203937,0.8687444970847167,0.6923841960461434,0.03920818157593252,0.2120493764103698,"{""zero_variance"": 93}"
22,bartlett_fixed_b_development,raw,1024,1024,952,32,40,0,72,0,0.00765333661466004,0.010889525944079097,0.00765333661466004,-6.314495515231284e-05,1350,0.892899009323042,0.990085035147218,0.892899009323042,0.058545589422046636,0.0686602725127153,{}
22,bartlett_fixed_b_development,synthetic_excess,1024,1024,964,26,34,0,387,387,0.0047374843498138326,0.006629567849248483,0.0047374843498138326,-2.9955745438017656e-05,1350,0.9070267838278671,0.990085035147218,0.9070267838278671,0.05074190171870807,0.06110187550189602,{}
22,bartlett_fixed_b_development,win,1024,1024,954,30,40,0,70,0,0.38031735280638646,0.5416813758109527,0.38031735280638646,-0.0035146077473958335,1350,0.8952348239863621,0.990085035147218,0.8952348239863621,0.055968217933246224,0.0686602725127153,{}
22,original_cr2,raw,1024,1024,862,77,85,0,162,0,0.005489283602212611,0.006310412781383593,0.005489283602212611,-6.314495515231284e-05,1350,0.7925880773300898,0.990085035147218,0.7925880773300898,0.11291109174945649,0.12212719869008327,{}
22,original_cr2,synthetic_excess,1024,1024,892,67,65,0,598,598,0.0034866239707686385,0.004108650468101186,0.0034866239707686385,-2.9955745438017656e-05,1350,0.8252266406493071,0.990085035147218,0.8252266406493071,0.1012480142580395,0.0988938532439433,{}
22,original_cr2,win,1024,1024,861,73,90,0,163,0,0.27193926759623865,0.3115588747595568,0.27193926759623865,-0.0035146077473958335,1350,0.7915101468341718,0.990085035147218,0.7915101468341718,0.10826631231680447,0.12784199783393685,{}
23,bartlett_fixed_b_development,raw,1024,1024,817,202,5,0,1024,1024,0.0031852596266822466,0.005185321450532061,0.0031852596266822466,2.1598045013993444e-05,1350,0.7446153295671505,0.990085035147218,0.7446153295671505,0.2501040237649015,0.02021666682669199,{}
23,bartlett_fixed_b_development,synthetic_excess,1024,1024,960,34,30,0,1024,1024,0.0037385009226607977,0.005449051737384102,0.0037385009226607977,-9.932425981877694e-06,1350,0.9022861610879103,0.990085035147218,0.9022861610879103,0.06110187550189602,0.055968217933246224,{}
23,bartlett_fixed_b_development,win,1024,912,791,115,6,0,912,912,0.16810017540090116,0.25990437542157135,0.13593646844792434,-0.005389939692982411,1350,0.8179612931990226,0.8473621299967243,0.7173309514785646,0.17459744832865162,0.024587456186068075,"{""zero_variance"": 112}"
23,original_cr2,raw,1024,1024,779,228,17,0,1024,1024,0.0023776870459352936,0.0033767624254118327,0.0023776870459352936,2.1598045013993444e-05,1350,0.7048305053442065,0.990085035147218,0.7048305053442065,0.27744387728369185,0.038521066413069426,{}
23,original_cr2,synthetic_excess,1024,1024,874,82,68,0,1024,1024,0.0026847559159911987,0.003265345085679067,0.0026847559159911987,-9.932425981877694e-06,1350,0.8055712125753238,0.990085035147218,0.8055712125753238,0.11868205737216647,0.10242224093562641,{}
23,original_cr2,win,1024,912,740,150,22,0,912,912,0.11980867482837576,0.16266910916016325,0.10726096064508983,-0.005389939692982411,1350,0.7559714519408101,0.8473621299967243,0.6645652422801526,0.21753702238864905,0.050900871120377104,"{""zero_variance"": 112}"
24,bartlett_fixed_b_development,raw,1024,1024,900,10,114,0,1024,1024,0.002257659578135221,0.004015236175122163,0.002257659578135221,5.216902166847748e-06,1350,0.8340401879129502,0.990085035147218,0.8340401879129502,0.028301257223561076,0.1548672169711118,{}
24,bartlett_fixed_b_development,synthetic_excess,1024,1024,964,22,38,0,1024,1024,0.004101574942777188,0.006175440886755352,0.004101574942777188,-1.3166553664912815e-05,1350,0.9070267838278671,0.990085035147218,0.9070267838278671,0.04540225012910099,0.06615782249623167,{}
24,bartlett_fixed_b_development,win,1024,1018,875,4,139,0,1018,1018,0.10174370714764835,0.1881670206792002,0.09402754213538198,0.0007940406024885368,1350,0.8121176778371825,0.9780799475233821,0.8066572863602619,0.018556479767245025,0.1834901900902576,"{""zero_variance"": 6}"
24,original_cr2,raw,1024,1024,880,6,138,0,1024,1024,0.00196834583533939,0.0032515612291685687,0.00196834583533939,5.216902166847748e-06,1350,0.8120976979106755,0.990085035147218,0.8120976979106755,0.02192005247661714,0.18135094480306443,{}
24,original_cr2,synthetic_excess,1024,1024,924,36,64,0,1024,1024,0.0034003319801788803,0.00415536182461772,0.0034003319801788803,-1.3166553664912815e-05,1350,0.8608213677122121,0.990085035147218,0.8608213677122121,0.06363879057721133,0.09771383891208842,{}
24,original_cr2,win,1024,1018,844,7,167,0,1018,1018,0.08804791503864978,0.1548415097118153,0.08758813166082483,0.0007940406024885368,1350,0.7784331085612837,0.9780799475233821,0.7732727679778663,0.023709840529675053,0.21401168300039672,"{""zero_variance"": 6}"
25,bartlett_fixed_b_development,raw,1024,1024,978,24,22,0,46,0,0.006764441374383327,0.009385389101789186,0.006764441374383327,2.6425069745480674e-05,1350,0.9239210412360651,0.990085035147218,0.9239210412360651,0.04808784169819587,0.04540225012910099,{}
25,bartlett_fixed_b_development,synthetic_excess,1024,1024,973,21,30,0,721,721,0.0030576031397447764,0.00436420084463334,0.0030576031397447764,-3.247133254514276e-05,1350,0.9178273502149307,0.990085035147218,0.9178273502149307,0.04404639173150403,0.055968217933246224,{}
25,bartlett_fixed_b_development,win,1024,1024,972,29,23,0,52,0,0.3343745376262096,0.46346810940042327,0.3343745376262096,0.0013326009114583335,1350,0.9166171836841657,0.990085035147218,0.9166171836841657,0.05467101504064003,0.046749222265932484,{}
25,original_cr2,raw,1024,1024,958,35,31,0,66,0,0.005462493849538364,0.006151544370438135,0.005462493849538364,2.6425069745480674e-05,1350,0.8999281018854026,0.990085035147218,0.8999281018854026,0.06237265663160652,0.057259656670301626,{}
25,original_cr2,synthetic_excess,1024,1024,964,27,33,0,828,828,0.0027915981990818553,0.003340109778318631,0.0027915981990818553,-3.247133254514276e-05,1350,0.9070267838278671,0.990085035147218,0.9070267838278671,0.05205817417522654,0.05982625513844516,{}
25,original_cr2,win,1024,1024,954,38,32,0,70,0,0.27045040194569064,0.30097574559016466,0.27045040194569064,0.0013326009114583335,1350,0.8952348239863621,0.990085035147218,0.8952348239863621,0.06615782249623167,0.058545589422046636,{}
26,bartlett_fixed_b_development,raw,1024,1024,914,102,8,0,1024,1024,0.0022843217433355656,0.003952121309469535,0.0022843217433355656,-3.6772776937711364e-05,1350,0.8495952794391683,0.990085035147218,0.8495952794391683,0.14143223223195317,0.02518207511638003,{}
26,bartlett_fixed_b_development,synthetic_excess,1024,1024,954,42,28,0,1022,1022,0.004157804094406476,0.006178012450930631,0.004157804094406476,-4.2861401953794964e-05,1350,0.8952348239863621,0.990085035147218,0.8952348239863621,0.07114728660331522,0.053367768355137006,{}
26,bartlett_fixed_b_development,win,1024,1018,890,123,5,0,1018,1018,0.10282137829460963,0.1857940775467852,0.09599470635197327,-0.001438686967910893,1350,0.8286494776472639,0.9780799475233821,0.8230311081601558,0.16580083056541517,0.020334893922971407,"{""zero_variance"": 6}"
26,original_cr2,raw,1024,1024,907,108,9,0,1024,1024,0.0019957235446059346,0.00306316162801915,0.0019957235446059346,-3.6772776937711364e-05,1350,0.841795704466072,0.990085035147218,0.841795704466072,0.14816767850715973,0.02675676100679563,{}
26,original_cr2,synthetic_excess,1024,1024,917,59,48,0,1024,1024,0.0034145751017685307,0.0042248336105755605,0.0034145751017685307,-4.2861401953794964e-05,1350,0.8529523315298293,0.990085035147218,0.8529523315298293,0.09178268613379835,0.07852533273352995,{}
26,original_cr2,win,1024,1018,863,151,4,0,1018,1018,0.09241099532599728,0.14621072287172387,0.08758813166082491,-0.001438686967910893,1350,0.7990071732424715,0.9780799475233821,0.7936666057113836,0.19663327578055112,0.018556479767245025,"{""zero_variance"": 6}"
27,bartlett_fixed_b_development,raw,1024,1024,883,8,133,0,1024,1024,0.0022888318642416395,0.0046120347327390085,0.0022888318642416395,1.9387163577764814e-05,1350,0.8153701861231889,0.990085035147218,0.8153701861231889,0.02518207511638003,0.17587150698848264,{}
27,bartlett_fixed_b_development,synthetic_excess,1024,1024,922,30,72,0,1024,1024,0.004880620536836192,0.007677018084105851,0.004880620536836192,-1.6026893098937082e-05,1350,0.8585677677680453,0.990085035147218,0.8585677677680453,0.055968217933246224,0.1071009906769567,{}
27,bartlett_fixed_b_development,win,1024,1015,829,11,175,0,1015,1015,0.10389902578578378,0.2243781590271655,0.09346841096083713,0.0009749589490968772,1350,0.7648732152385604,0.9732432389932036,0.7573083719862385,0.030081356050072953,0.22328139838898134,"{""zero_variance"": 9}"
27,original_cr2,raw,1024,1024,817,30,177,0,1024,1024,0.0018360036224244654,0.0031533373917151815,0.0018360036224244654,1.9387163577764814e-05,1350,0.7446153295671505,0.990085035147218,0.7446153295671505,0.055968217933246224,0.22352046009861046,{}
27,original_cr2,synthetic_excess,1024,1024,819,75,130,0,1024,1024,0.003325555215158338,0.004146765343745488,0.003325555215158338,-1.6026893098937082e-05,1350,0.7467262216571781,0.990085035147218,0.7467262216571781,0.1105919433785847,0.1725747463740226,{}
27,original_cr2,win,1024,1015,757,29,229,0,1015,1015,0.08186956937716433,0.15401832554332903,0.08125074289800796,0.0009749589490968772,1350,0.6887198559045815,0.9732432389932036,0.6820517819964718,0.05514909287737431,0.28086899193369874,"{""zero_variance"": 9}"
28,bartlett_fixed_b_development,raw,1024,1024,913,62,49,0,111,0,0.007964034356524093,0.011540423576559006,0.007964034356524093,2.9863956405689507e-05,1350,0.8484782238681409,0.990085035147218,0.8484782238681409,0.09534773108656963,0.07974398645155413,{}
28,bartlett_fixed_b_development,synthetic_excess,1024,1024,978,23,23,0,665,665,0.0032106664972918666,0.0046347814180998205,0.0032106664972918666,1.664349462994568e-05,1350,0.9239210412360651,0.990085035147218,0.9239210412360651,0.046749222265932484,0.046749222265932484,{}
28,bartlett_fixed_b_development,win,1024,1024,912,64,48,0,112,0,0.3945626852967341,0.577998341816068,0.3945626852967341,0.0010325113932291667,1350,0.8473621299967243,0.990085035147218,0.8473621299967243,0.09771383891208842,0.07852533273352995,{}
28,original_cr2,raw,1024,1024,802,117,105,0,222,0,0.005351135035722865,0.006133882705584278,0.005351135035722865,2.9863956405689507e-05,1350,0.7288397146690644,0.990085035147218,0.7288397146690644,0.15820429553392656,0.14480460945828277,{}
28,original_cr2,synthetic_excess,1024,1024,958,37,29,0,789,789,0.0028016389849238772,0.0033263649684328557,0.0028016389849238772,1.664349462994568e-05,1350,0.8999281018854026,0.990085035147218,0.8999281018854026,0.06490045663267248,0.05467101504064003,{}
28,original_cr2,win,1024,1024,801,118,105,0,223,0,0.26353159192894193,0.3033509670281384,0.26353159192894193,0.0010325113932291667,1350,0.7277914192293551,0.990085035147218,0.7277914192293551,0.15931484499720233,0.14480460945828277,{}
29,bartlett_fixed_b_development,raw,1024,1024,869,150,5,0,1024,1024,0.0022490536376822134,0.004679279485614622,0.0022490536376822134,3.867901598280783e-06,1350,0.8001505876755427,0.990085035147218,0.8001505876755427,0.1944287874246745,0.02021666682669199,{}
29,bartlett_fixed_b_development,synthetic_excess,1024,1024,916,75,33,0,1010,1010,0.004987522861983967,0.007410381517899778,0.004987522861983967,-3.776221204511949e-05,1350,0.8518323214928387,0.990085035147218,0.8518323214928387,0.1105919433785847,0.05982625513844516,{}
29,bartlett_fixed_b_development,win,1024,1004,813,189,2,0,1004,1004,0.10417214293017046,0.22799354268961913,0.09484654731466624,-0.0008435009960158933,1350,0.7569625809718492,0.9573189472508172,0.7403989240188189,0.24087135884081518,0.014910639877396816,"{""zero_variance"": 20}"
29,original_cr2,raw,1024,1024,827,176,21,0,1024,1024,0.0018390463221431043,0.003122177816230766,0.0018390463221431043,3.867901598280783e-06,1350,0.7551881805987986,0.990085035147218,0.7551881805987986,0.2224504647516492,0.04404639173150403,{}
29,original_cr2,synthetic_excess,1024,1024,803,128,93,0,1024,1024,0.003321542500750957,0.004100123563537337,0.003321542500750957,-3.776221204511949e-05,1350,0.7298884267860346,0.990085035147218,0.7298884267860346,0.17037299283454754,0.13125550291528182,{}
29,original_cr2,win,1024,1004,763,221,20,0,1004,1004,0.08125074289800804,0.15243725723803567,0.08037638201327812,-0.0008435009960158933,1350,0.7034147206368313,0.9573189472508172,0.6882470080882894,0.2752978316118926,0.04352095760329894,"{""zero_variance"": 20}"
30,bartlett_fixed_b_development,raw,1024,1024,839,180,5,0,1024,1024,0.005944805380158439,0.010018631698638475,0.005944805380158439,4.878580729166543e-05,1350,0.7679386547609124,0.990085035147218,0.7679386547609124,0.22672723202213205,0.02021666682669199,{}
30,bartlett_fixed_b_development,synthetic_excess,1024,1024,938,78,8,0,1024,1024,0.006888249411804871,0.01081250880686952,0.006888249411804871,4.5860349553058744e-05,1350,0.876727187613149,0.990085035147218,0.876727187613149,0.11406830645717803,0.02518207511638003,{}
30,bartlett_fixed_b_development,win,1024,1024,946,5,73,0,1024,1024,0.08344681096489207,0.13299708112473876,0.08121193059920646,0.00033874511718749706,1350,0.8859316935428205,0.990085035147218,0.8859316935428205,0.02021666682669199,0.10826631231680447,{}
30,original_cr2,raw,1024,1024,835,186,3,0,1024,1024,0.005812718586719751,0.008105172057119126,0.005812718586719751,4.878580729166543e-05,1350,0.763680582513798,0.990085035147218,0.763680582513798,0.233126621892668,0.016595077732885155,{}
30,original_cr2,synthetic_excess,1024,1024,927,87,10,0,1024,1024,0.006341436661354429,0.008728442965605538,0.006341436661354429,4.5860349553058744e-05,1350,0.8642100742134887,0.990085035147218,0.8642100742134887,0.12441707873007465,0.028301257223561076,{}
30,original_cr2,win,1024,1024,937,2,85,0,1024,1024,0.07572035375096091,0.10966381812253108,0.07572035375096091,0.00033874511718749706,1350,0.875582921269924,0.990085035147218,0.875582921269924,0.014621272556127414,0.12212719869008327,{}
31,bartlett_fixed_b_development,raw,1024,1024,972,24,28,0,52,0,0.00788819264254976,0.012204326668029763,0.00788819264254976,-8.076985677083334e-05,1350,0.9166171836841657,0.990085035147218,0.9166171836841657,0.04808784169819587,0.053367768355137006,{}
31,bartlett_fixed_b_development,synthetic_excess,1024,1024,983,23,18,0,297,297,0.006568881671823526,0.010501800496105487,0.006568881671823526,-1.199133735651274e-05,1350,0.9300943572255866,0.990085035147218,0.9300943572255866,0.046749222265932484,0.03991918837356996,{}
31,bartlett_fixed_b_development,win,1024,1024,973,24,27,0,51,0,0.23515955896479976,0.33348203645851404,0.23515955896479976,-0.004038492838541666,1350,0.9178273502149307,0.990085035147218,0.9178273502149307,0.04808784169819587,0.05205817417522654,{}
31,original_cr2,raw,1024,1024,969,27,28,0,55,0,0.0072402904776121815,0.01023430608779088,0.0072402904776121815,-8.076985677083334e-05,1350,0.9130024778614979,0.990085035147218,0.9130024778614979,0.05205817417522654,0.053367768355137006,{}
31,original_cr2,synthetic_excess,1024,1024,984,21,19,0,352,352,0.006193571003882051,0.009035066189347027,0.006193571003882051,-1.199133735651274e-05,1350,0.9313397274872836,0.990085035147218,0.9313397274872836,0.04404639173150403,0.04130556788991231,{}
31,original_cr2,win,1024,1024,969,28,27,0,55,0,0.21637338459591587,0.24708384877080625,0.21637338459591587,-0.004038492838541666,1350,0.9130024778614979,0.990085035147218,0.9130024778614979,0.053367768355137006,0.05205817417522654,{}
32,bartlett_fixed_b_development,raw,1024,1024,872,8,144,0,1024,1024,0.005968156744712218,0.009928034797698946,0.005968156744712218,5.0091145833336366e-05,1350,0.8034010295668751,0.990085035147218,0.8034010295668751,0.02518207511638003,0.18790230208932274,{}
32,bartlett_fixed_b_development,synthetic_excess,1024,1024,956,11,57,0,1024,1024,0.0069286454989485515,0.010954019932375592,0.0069286454989485515,5.4642576891199595e-05,1350,0.8975777590643723,0.990085035147218,0.8975777590643723,0.02981953463450615,0.08939482357979188,{}
32,bartlett_fixed_b_development,win,1024,1024,952,65,7,0,1024,1024,0.08213514291108653,0.13764898853860832,0.08012476120132661,-0.00013020833333328853,1350,0.892899009323042,0.990085035147218,0.892899009323042,0.0988938532439433,0.02357209272614107,{}
32,original_cr2,raw,1024,1024,868,4,152,0,1024,1024,0.005821048256987777,0.008422135162829263,0.005821048256987777,5.0091145833336366e-05,1350,0.79906837532194,0.990085035147218,0.79906837532194,0.018448547919285366,0.19659897043312322,{}
32,original_cr2,synthetic_excess,1024,1024,946,4,74,0,1024,1024,0.006463998737623386,0.00884675210501804,0.006463998737623386,5.4642576891199595e-05,1350,0.8859316935428205,0.990085035147218,0.8859316935428205,0.018448547919285366,0.10942995295735965,{}
32,original_cr2,win,1024,1024,924,95,5,0,1024,1024,0.07572035375096098,0.11142714987142122,0.07572035375096098,-0.00013020833333328853,1350,0.8608213677122121,0.990085035147218,0.8608213677122121,0.1335250743552732,0.02021666682669199,{}
33,bartlett_fixed_b_development,raw,1024,1024,986,1,37,0,1024,1024,0.0025449648058920213,0.00405542669378281,0.0025449648058920213,4.246723771239287e-06,1350,0.9338421775037673,0.990085035147218,0.9338421775037673,0.01245763401353762,0.06490045663267248,{}
33,bartlett_fixed_b_development,synthetic_excess,1024,1024,981,25,18,0,1024,1024,0.004424057866463849,0.006410037679564131,0.004424057866463849,-1.2253418759082324e-05,1350,0.9276146729415418,0.990085035147218,0.9276146729415418,0.0494185896006637,0.03991918837356996,{}
33,bartlett_fixed_b_development,win,1024,1024,968,0,56,0,1024,1024,0.11942824147563338,0.19217292320343682,0.10750658260280212,-3.763834635416251e-05,1350,0.911802618424095,0.990085035147218,0.911802618424095,0.009914964852781394,0.08819738157590365,{}
33,original_cr2,raw,1024,1024,970,0,54,0,1024,1024,0.0018556357612094804,0.0026720093881996893,0.0018556357612094804,4.246723771239287e-06,1350,0.9142048156330603,0.990085035147218,0.9142048156330603,0.009914964852781394,0.08579518436693843,{}
33,original_cr2,synthetic_excess,1024,1024,981,23,20,0,1024,1024,0.0038390729138437427,0.004600528327955384,0.0038390729138437427,-1.2253418759082324e-05,1350,0.9276146729415418,0.990085035147218,0.9276146729415418,0.046749222265932484,0.04268105274918186,{}
33,original_cr2,win,1024,1024,939,1,84,0,1024,1024,0.08125074289800796,0.12378680455510249,0.08125074289800796,-3.763834635416251e-05,1350,0.8778728013099153,0.990085035147218,0.8778728013099153,0.01245763401353762,0.12098021634139752,{}
34,bartlett_fixed_b_development,raw,1024,1024,1024,0,0,0,0,0,0.014609982200484817,0.017159042705719194,0.014609982200484817,4.4078334788754107e-05,1350,0.990085035147218,0.990085035147218,0.990085035147218,0.009914964852781394,0.009914964852781394,{}
34,bartlett_fixed_b_development,synthetic_excess,1024,1024,1024,0,0,0,0,0,0.014326149325643774,0.0169196298012156,0.014326149325643774,-2.8254570302163876e-05,1350,0.990085035147218,0.990085035147218,0.990085035147218,0.009914964852781394,0.009914964852781394,{}
34,bartlett_fixed_b_development,win,1024,1024,1024,0,0,0,0,0,0.7333342681358896,0.8474958890905667,0.7333342681358896,0.0027058919270833335,1350,0.990085035147218,0.990085035147218,0.990085035147218,0.009914964852781394,0.009914964852781394,{}
34,original_cr2,raw,1024,1024,1024,0,0,0,0,0,0.006183708668883901,0.006860952425797263,0.006183708668883901,4.4078334788754107e-05,1350,0.990085035147218,0.990085035147218,0.990085035147218,0.009914964852781394,0.009914964852781394,{}
34,original_cr2,synthetic_excess,1024,1024,1024,0,0,0,135,135,0.005990725983394388,0.006796323589137583,0.005990725983394388,-2.8254570302163876e-05,1350,0.990085035147218,0.990085035147218,0.990085035147218,0.009914964852781394,0.009914964852781394,{}
34,original_cr2,win,1024,1024,1024,0,0,0,0,0,0.30655846081288696,0.33716790534076146,0.30655846081288696,0.0027058919270833335,1350,0.990085035147218,0.990085035147218,0.990085035147218,0.009914964852781394,0.009914964852781394,{}
35,bartlett_fixed_b_development,raw,1024,1024,972,52,0,0,1024,1024,0.0025420909714485174,0.004021396620581773,0.0025420909714485174,1.725445679857388e-05,1350,0.9166171836841657,0.990085035147218,0.9166171836841657,0.08338281631583307,0.009914964852781394,{}
35,bartlett_fixed_b_development,synthetic_excess,1024,1024,988,15,21,0,1024,1024,0.004328567604925825,0.006545420536834927,0.004328567604925825,1.3768454879150603e-05,1350,0.9363612094227876,0.990085035147218,0.9363612094227876,0.03568558706522472,0.04404639173150403,{}
35,bartlett_fixed_b_development,win,1024,1024,963,61,0,0,1024,1024,0.11694687735026355,0.1883134361279467,0.10479378789960248,0.001024373372395878,1350,0.9058384519766934,0.990085035147218,0.9058384519766934,0.09416154802330522,0.009914964852781394,{}
35,original_cr2,raw,1024,1024,959,64,1,0,1024,1024,0.0018423637219776093,0.002627430579397341,0.0018423637219776093,1.725445679857388e-05,1350,0.9011061467560554,0.990085035147218,0.9011061467560554,0.09771383891208842,0.01245763401353762,{}
35,original_cr2,synthetic_excess,1024,1024,980,25,19,0,1024,1024,0.003838488578726192,0.004589396468610901,0.003838488578726192,1.3768454879150603e-05,1350,0.9263801196761731,0.990085035147218,0.9263801196761731,0.0494185896006637,0.04130556788991231,{}
35,original_cr2,win,1024,1024,935,89,0,0,1024,1024,0.08125074289800804,0.12056457301991719,0.08125074289800804,0.001024373372395878,1350,0.8732983484027647,0.990085035147218,0.8732983484027647,0.12670165159723387,0.009914964852781394,{}
36,bartlett_fixed_b_development,raw,1024,0,0,0,0,0,0,0,,,,,1350,0.0,0.0,0.0,1.0,1.0,"{""too_few_grid_blocks"": 1024}"
36,bartlett_fixed_b_development,synthetic_excess,1024,0,0,0,0,0,0,0,,,,,1350,0.0,0.0,0.0,1.0,1.0,"{""too_few_grid_blocks"": 1024}"
36,bartlett_fixed_b_development,win,1024,0,0,0,0,0,0,0,,,,,1350,0.0,0.0,0.0,1.0,1.0,"{""too_few_grid_blocks"": 1024}"
36,original_cr2,raw,1024,1024,981,22,21,0,43,0,0.007283467004448194,0.01050047350468487,0.007283467004448194,3.5388579191175985e-05,1350,0.9276146729415418,0.990085035147218,0.9276146729415418,0.04540225012910099,0.04404639173150403,{}
36,original_cr2,synthetic_excess,1024,1024,984,24,16,0,99,95,0.01241802777017732,0.01763142204735086,0.01241802777017732,0.00010214376416518502,1350,0.9313397274872836,0.990085035147218,0.9313397274872836,0.04808784169819587,0.03711023576599827,{}
36,original_cr2,win,1024,1023,976,30,17,0,47,0,0.3584505111352485,0.5091836058381428,0.3584505111352485,0.0015884652981427191,1350,0.9226220060727179,0.9875423659864618,0.9214746672664688,0.05602216875578929,0.038558298295320724,"{""zero_variance"": 1}"
37,bartlett_fixed_b_development,raw,1024,1024,965,24,35,0,59,0,0.005764519467489413,0.00851205002662208,0.005764519467489413,-4.249617417082501e-05,1350,0.9082173138662004,0.990085035147218,0.9082173138662004,0.04808784169819587,0.06237265663160652,{}
37,bartlett_fixed_b_development,synthetic_excess,1024,1024,969,26,29,0,156,152,0.0097526508626667,0.01416134339712506,0.0097526508626667,-1.7004470319137882e-05,1350,0.9130024778614979,0.990085035147218,0.9130024778614979,0.05074190171870807,0.05467101504064003,{}
37,bartlett_fixed_b_development,win,1024,1024,966,25,33,0,58,0,0.28181619815627346,0.40606843720854807,0.28181619815627346,-0.0019378662109375,1350,0.9094100935306144,0.990085035147218,0.9094100935306144,0.0494185896006637,0.05982625513844516,{}
37,original_cr2,raw,1024,1024,979,22,23,0,45,0,0.005976891934736189,0.008124656811098764,0.005976891934736189,-4.249617417082501e-05,1350,0.9251489437634483,0.990085035147218,0.9251489437634483,0.04540225012910099,0.046749222265932484,{}
37,original_cr2,synthetic_excess,1024,1024,978,21,25,0,135,133,0.010070149443162812,0.013667043701105934,0.010070149443162812,-1.7004470319137882e-05,1350,0.9239210412360651,0.990085035147218,0.9239210412360651,0.04404639173150403,0.0494185896006637,{}
37,original_cr2,win,1024,1024,965,29,30,0,59,0,0.2942555280303791,0.38599335186941097,0.2942555280303791,-0.0019378662109375,1350,0.9082173138662004,0.990085035147218,0.9082173138662004,0.05467101504064003,0.055968217933246224,{}
38,bartlett_fixed_b_development,raw,1024,1024,972,32,20,0,52,0,0.004584353506887741,0.00644805840183822,0.004584353506887741,3.0351468993634436e-05,1350,0.9166171836841657,0.990085035147218,0.9166171836841657,0.058545589422046636,0.04268105274918186,{}
38,bartlett_fixed_b_development,synthetic_excess,1024,1024,973,29,22,0,193,192,0.0075897053117782165,0.011136703776675529,0.0075897053117782165,-2.674034681962209e-05,1350,0.9178273502149307,0.990085035147218,0.9178273502149307,0.05467101504064003,0.04540225012910099,{}
38,bartlett_fixed_b_development,win,1024,1024,974,34,16,0,50,0,0.22276602057891837,0.3107386905717757,0.22276602057891837,0.0021565755208333326,1350,0.9190402679836674,0.990085035147218,0.9190402679836674,0.06110187550189602,0.03711023576599827,{}
38,original_cr2,raw,1024,1024,975,27,22,0,49,0,0.004512728343590627,0.00577500398805049,0.004512728343590627,3.0351468993634436e-05,1350,0.9202560135484447,0.990085035147218,0.9202560135484447,0.05205817417522654,0.04540225012910099,{}
38,original_cr2,synthetic_excess,1024,1024,978,24,22,0,168,168,0.007636021044520988,0.009689890139925453,0.007636021044520988,-2.674034681962209e-05,1350,0.9239210412360651,0.990085035147218,0.9239210412360651,0.04808784169819587,0.04540225012910099,{}
38,original_cr2,win,1024,1024,979,25,20,0,45,0,0.21837999273646336,0.27477554772057644,0.21837999273646336,0.0021565755208333326,1350,0.9251489437634483,0.990085035147218,0.9251489437634483,0.0494185896006637,0.04268105274918186,{}
39,bartlett_fixed_b_development,raw,1024,1024,979,24,21,0,45,0,0.004137748026595538,0.005709815133379469,0.004137748026595538,6.233024327222322e-06,1350,0.9251489437634483,0.990085035147218,0.9251489437634483,0.04808784169819587,0.04404639173150403,{}
39,bartlett_fixed_b_development,synthetic_excess,1024,1024,962,36,26,0,202,198,0.006910142890276256,0.009684593846441117,0.006910142890276256,3.6020854954168365e-05,1350,0.9046522689134291,0.990085035147218,0.9046522689134291,0.06363879057721133,0.05074190171870807,{}
39,bartlett_fixed_b_development,win,1024,1024,973,28,23,0,51,0,0.19894633375878823,0.2742910115508867,0.19894633375878823,0.00045013427734375,1350,0.9178273502149307,0.990085035147218,0.9178273502149307,0.053367768355137006,0.046749222265932484,{}
39,original_cr2,raw,1024,1024,966,27,31,0,58,0,0.0038332662395750804,0.004644659232061245,0.0038332662395750804,6.233024327222322e-06,1350,0.9094100935306144,0.990085035147218,0.9094100935306144,0.05205817417522654,0.057259656670301626,{}
39,original_cr2,synthetic_excess,1024,1024,960,37,27,0,231,227,0.006417785885764023,0.008034096908050455,0.006417785885764023,3.6020854954168365e-05,1350,0.9022861610879103,0.990085035147218,0.9022861610879103,0.06490045663267248,0.05205817417522654,{}
39,original_cr2,win,1024,1024,967,31,26,0,57,0,0.18502906265937963,0.22499161868083775,0.18502906265937963,0.00045013427734375,1350,0.9106051764202069,0.990085035147218,0.9106051764202069,0.057259656670301626,0.05074190171870807,{}
40,bartlett_fixed_b_development,raw,1024,1024,828,94,102,0,196,0,0.010674780630872575,0.015570134430257596,0.010674780630872575,-9.428760316010251e-05,1350,0.7562480371728415,0.990085035147218,0.7562480371728415,0.13239088692687886,0.14143223223195317,{}
40,bartlett_fixed_b_development,synthetic_excess,1024,1024,950,33,41,0,330,330,0.00527830414540852,0.007598444768622162,0.00527830414540852,-4.1908205324161826e-05,1350,0.890570047042639,0.990085035147218,0.890570047042639,0.05982625513844516,0.06990564277441223,{}
40,bartlett_fixed_b_development,win,1024,1024,829,91,104,2,195,0,0.5304054126519939,0.7625620250750227,0.5286999245946489,-0.0040740966796875,1350,0.7573083719862385,0.990085035147218,0.7573083719862385,0.12898107618549465,0.1436815352665412,{}
40,original_cr2,raw,1024,1024,792,114,118,0,232,0,0.00988834430472573,0.012701374157178317,0.00988834430472573,-9.428760316010251e-05,1350,0.7183751868940531,0.990085035147218,0.7183751868940531,0.1548672169711118,0.15931484499720233,{}
40,original_cr2,synthetic_excess,1024,1024,960,31,33,0,327,327,0.005357553328128714,0.007282602250907619,0.005357553328128714,-4.1908205324161826e-05,1350,0.9022861610879103,0.990085035147218,0.9022861610879103,0.057259656670301626,0.05982625513844516,{}
40,original_cr2,win,1024,1024,783,122,119,0,241,0,0.48696744989947094,0.6263933429883104,0.4861658568458988,-0.0040740966796875,1350,0.7089911704223022,0.990085035147218,0.7089911704223022,0.1637482526620527,0.16042450593948188,{}
41,bartlett_fixed_b_development,raw,1024,1024,936,46,42,0,88,0,0.0066851629900074,0.01045840581845115,0.0066851629900074,1.974292634810061e-05,1350,0.8744399815769203,0.990085035147218,0.8744399815769203,0.07607895876393368,0.07114728660331522,{}
41,bartlett_fixed_b_development,synthetic_excess,1024,1024,961,27,36,0,620,620,0.0034316638360012224,0.005180024321122577,0.0034316638360012224,5.972297470101994e-06,1350,0.9034681871665156,0.990085035147218,0.9034681871665156,0.05205817417522654,0.06363879057721133,{}
41,bartlett_fixed_b_development,win,1024,1024,935,45,44,0,89,0,0.329452528499675,0.5195224911539765,0.329452528499675,0.00042317708333333487,1350,0.8732983484027647,0.990085035147218,0.8732983484027647,0.07485105623655056,0.07361988032382569,{}
41,original_cr2,raw,1024,1024,957,36,31,0,67,0,0.007056919296846079,0.009898187956817394,0.007056919296846079,1.974292634810061e-05,1350,0.8987519857419591,0.990085035147218,0.8987519857419591,0.06363879057721133,0.057259656670301626,{}
41,original_cr2,synthetic_excess,1024,1024,980,18,26,0,603,603,0.0035846482170553864,0.005045154305065986,0.0035846482170553864,5.972297470101994e-06,1350,0.9263801196761731,0.990085035147218,0.9263801196761731,0.03991918837356996,0.05074190171870807,{}
41,original_cr2,win,1024,1024,959,32,33,0,65,0,0.3497058233051662,0.4939219624693309,0.3497058233051662,0.00042317708333333487,1350,0.9011061467560554,0.990085035147218,0.9011061467560554,0.058545589422046636,0.05982625513844516,{}
42,bartlett_fixed_b_development,raw,1024,1024,948,44,32,0,76,0,0.009138654837547047,0.01328618609927301,0.009138654837547047,-7.6225678370363485e-06,1350,0.888247686635187,0.990085035147218,0.888247686635187,0.07361988032382569,0.058545589422046636,{}
42,bartlett_fixed_b_development,synthetic_excess,1024,1024,944,44,36,0,292,292,0.0055100568743592995,0.008077169452391956,0.0055100568743592995,-1.8859698475704147e-08,1350,0.8836218477668478,0.990085035147218,0.8836218477668478,0.07361988032382569,0.06363879057721133,{}
42,bartlett_fixed_b_development,win,1024,1024,957,38,29,0,67,0,0.45101650506589097,0.6542980235812528,0.45101650506589097,-0.0003814697265625,1350,0.8987519857419591,0.990085035147218,0.8987519857419591,0.06615782249623167,0.05467101504064003,{}
42,original_cr2,raw,1024,1024,881,76,67,0,143,0,0.006928733492170409,0.008194269071656672,0.006928733492170409,-7.6225678370363485e-06,1350,0.8131878286867262,0.990085035147218,0.8131878286867262,0.1117523133648116,0.1012480142580395,{}
42,original_cr2,synthetic_excess,1024,1024,897,66,61,0,436,435,0.004364086749560143,0.0053417103980314086,0.004364086749560143,-1.8859698475704147e-08,1350,0.8307290810481764,0.990085035147218,0.8307290810481764,0.1000718981145961,0.09416154802330522,{}
42,original_cr2,win,1024,1024,874,78,72,0,150,0,0.34385368671215444,0.4036967455575604,0.34385368671215444,-0.0003814697265625,1350,0.8055712125753238,0.990085035147218,0.8055712125753238,0.11406830645717803,0.1071009906769567,{}
43,bartlett_fixed_b_development,raw,1024,1024,962,11,51,0,1024,1024,0.0019176165934292558,0.002938839040247129,0.0019176165934292558,4.252209669726545e-06,1350,0.9046522689134291,0.990085035147218,0.9046522689134291,0.02981953463450615,0.0821726497850681,{}
43,bartlett_fixed_b_development,synthetic_excess,1024,1024,977,22,25,0,1024,1024,0.004061956895869932,0.005763876463342727,0.004061956895869932,-3.798939118569319e-05,1350,0.9226963135647377,0.990085035147218,0.9226963135647377,0.04540225012910099,0.0494185896006637,{}
43,bartlett_fixed_b_development,win,1024,1024,942,9,73,0,1024,1024,0.08273254532658153,0.13477854003128303,0.07947886631737777,7.934570312499713e-05,1350,0.8813179426278321,0.990085035147218,0.8813179426278321,0.02675676100679563,0.10826631231680447,{}
43,original_cr2,raw,1024,1024,960,10,54,0,1024,1024,0.0017258018142705424,0.0023524887735330655,0.0017258018142705424,4.252209669726545e-06,1350,0.9022861610879103,0.990085035147218,0.9022861610879103,0.028301257223561076,0.08579518436693843,{}
43,original_cr2,synthetic_excess,1024,1024,970,23,31,0,1024,1024,0.003651280217321093,0.004399393109419806,0.003651280217321093,-3.798939118569319e-05,1350,0.9142048156330603,0.990085035147218,0.9142048156330603,0.046749222265932484,0.057259656670301626,{}
43,original_cr2,win,1024,1024,932,3,89,0,1024,1024,0.07505084145861746,0.10746114869645043,0.07505084145861744,7.934570312499713e-05,1350,0.8698810948049932,0.990085035147218,0.8698810948049932,0.016595077732885155,0.12670165159723387,{}
44,bartlett_fixed_b_development,raw,1024,1024,971,29,24,0,53,0,0.0048765477558919915,0.006863871178301713,0.0048765477558919915,1.8715792549550517e-05,1350,0.9154096953845473,0.990085035147218,0.9154096953845473,0.05467101504064003,0.04808784169819587,{}
44,bartlett_fixed_b_development,synthetic_excess,1024,1024,969,23,32,0,657,657,0.003237070938208921,0.004699628466088969,0.003237070938208921,-9.090781546169415e-06,1350,0.9130024778614979,0.990085035147218,0.9130024778614979,0.046749222265932484,0.058545589422046636,{}
44,bartlett_fixed_b_development,win,1024,1024,969,28,27,0,55,0,0.23790980036040235,0.3336421369157462,0.23790980036040235,0.0006713867187500017,1350,0.9130024778614979,0.990085035147218,0.9130024778614979,0.053367768355137006,0.05205817417522654,{}
44,original_cr2,raw,1024,1024,971,28,25,0,53,0,0.004439828035254457,0.0050930845966522505,0.004439828035254457,1.8715792549550517e-05,1350,0.9154096953845473,0.990085035147218,0.9154096953845473,0.053367768355137006,0.0494185896006637,{}
44,original_cr2,synthetic_excess,1024,1024,972,24,28,0,759,759,0.0029807119183826326,0.0035603269642198675,0.0029807119183826326,-9.090781546169415e-06,1350,0.9166171836841657,0.990085035147218,0.9166171836841657,0.04808784169819587,0.053367768355137006,{}
44,original_cr2,win,1024,1024,968,31,25,0,56,0,0.21790747227608187,0.24838773037722514,0.21790747227608187,0.0006713867187500017,1350,0.911802618424095,0.990085035147218,0.911802618424095,0.057259656670301626,0.0494185896006637,{}
45,bartlett_fixed_b_development,raw,1024,1024,956,58,10,0,1024,1024,0.001883484728456914,0.0029241975075493458,0.001883484728456914,7.740281185524775e-07,1350,0.8975777590643723,0.990085035147218,0.8975777590643723,0.09058990646938422,0.028301257223561076,{}
45,bartlett_fixed_b_development,synthetic_excess,1024,1024,994,16,14,0,1024,1024,0.003997632713212185,0.005764557551017195,0.003997632713212185,-2.2769230874955267e-05,1350,0.9440317820667528,0.990085035147218,0.9440317820667528,0.03711023576599827,0.034245836101792805,{}
45,bartlett_fixed_b_development,win,1024,1023,941,77,5,0,1023,1023,0.0807058095651032,0.13117534150942767,0.07881096730002979,-6.720430107522386e-05,1350,0.8812043987115417,0.9875423659864618,0.8801681565769759,0.1130191815959319,0.02023627578456566,"{""zero_variance"": 1}"
45,original_cr2,raw,1024,1024,948,69,7,0,1024,1024,0.0017209192068590989,0.00235147357312122,0.0017209192068590989,7.740281185524775e-07,1350,0.888247686635187,0.990085035147218,0.888247686635187,0.10359461600988591,0.02357209272614107,{}
45,original_cr2,synthetic_excess,1024,1024,985,26,13,0,1024,1024,0.0036703598567682898,0.004392111867304301,0.0036703598567682898,-2.2769230874955267e-05,1350,0.932588954702072,0.990085035147218,0.932588954702072,0.05074190171870807,0.032789482424824566,{}
45,original_cr2,win,1024,1023,921,97,5,0,1023,1023,0.07505084145861751,0.1078362323803086,0.07505084145861751,-6.720430107522386e-05,1350,0.8584327779272778,0.9875423659864618,0.8574425860208684,0.13591960488660051,0.02023627578456566,"{""zero_variance"": 1}"
100001,bartlett_fixed_b_development,raw,1024,1024,982,20,22,0,42,0,0.00638785447035887,0.00906490614728198,0.00638785447035887,5.079594153147971e-05,90,0.934780399388808,0.9927068597860774,0.934780399388808,0.037927316133296265,0.04051949325882064,{}
100001,bartlett_fixed_b_development,synthetic_excess,1024,1024,982,20,22,0,223,223,0.00638785447035887,0.00906490614728198,0.00638785447035887,5.079594153147951e-05,90,0.934780399388808,0.9927068597860774,0.934780399388808,0.037927316133296265,0.04051949325882064,{}
100001,bartlett_fixed_b_development,win,1024,1024,977,24,23,0,47,0,0.15947517810130696,0.23113022399096073,0.15947517810130696,0.0006866455078125027,90,0.9288379199427234,0.9927068597860774,0.9288379199427234,0.043081969258679645,0.041804213473866994,{}
100001,original_cr2,raw,1024,1024,978,24,22,0,46,0,0.00589192242434157,0.006959742427222625,0.00589192242434157,5.079594153147971e-05,90,0.9300209800762408,0.9927068597860774,0.9300209800762408,0.043081969258679645,0.04051949325882064,{}
100001,original_cr2,synthetic_excess,1024,1024,978,24,22,0,266,266,0.00589192242434157,0.006959742427222627,0.00589192242434157,5.079594153147951e-05,90,0.9300209800762408,0.9927068597860774,0.9300209800762408,0.043081969258679645,0.04051949325882064,{}
100001,original_cr2,win,1024,1024,982,18,24,0,42,0,0.14601094887814586,0.17517626332164968,0.14601094887814586,0.0006866455078125027,90,0.934780399388808,0.9927068597860774,0.934780399388808,0.035301183583850856,0.043081969258679645,{}
100002,bartlett_fixed_b_development,raw,1024,1024,983,22,19,0,1024,1024,0.006388236147614128,0.009279924065238278,0.006388236147614128,2.2359761424662525e-05,90,0.9359774950592513,0.9927068597860774,0.9359774950592513,0.04051949325882064,0.03661880047894572,{}
100002,bartlett_fixed_b_development,synthetic_excess,1024,1024,983,22,19,0,1020,1020,0.006388236147614128,0.009279924065238278,0.006388236147614128,2.2359761424661898e-05,90,0.9359774950592513,0.9927068597860774,0.9359774950592513,0.04051949325882064,0.03661880047894572,{}
100002,bartlett_fixed_b_development,win,1024,1024,975,32,17,0,1020,1020,0.1500987185556295,0.21174192891629015,0.1500987185556295,0.0008745748587993824,90,0.9264793926467471,0.9927068597860774,0.9264793926467471,0.05309479337262423,0.033973751504944055,{}
100002,original_cr2,raw,1024,1024,977,30,17,0,1024,1024,0.005908870690320914,0.007061675538014679,0.005908870690320914,2.2359761424662525e-05,90,0.9288379199427234,0.9927068597860774,0.9288379199427234,0.050622434801303115,0.033973751504944055,{}
100002,original_cr2,synthetic_excess,1024,1024,977,30,17,0,1024,1024,0.005908870690320915,0.0070616755380146804,0.005908870690320915,2.2359761424661898e-05,90,0.9288379199427234,0.9927068597860774,0.9288379199427234,0.050622434801303115,0.033973751504944055,{}
100002,original_cr2,win,1024,1024,976,34,14,0,1024,1024,0.1353930552280369,0.16263185952368608,0.1353930552280369,0.0008745748587993824,90,0.9276574154452375,0.9927068597860774,0.9276574154452375,0.05554961979074762,0.02992378513436131,{}
100003,bartlett_fixed_b_development,raw,1024,1024,969,29,26,0,1024,1024,0.006285207738742896,0.009154276726267093,0.006285207738742896,-9.676131479157917e-06,90,0.919459661140023,0.9927068597860774,0.919459661140023,0.04937917078358744,0.045618164356565134,{}
100003,bartlett_fixed_b_development,synthetic_excess,1024,1024,969,29,26,0,1024,1024,0.006285207738742898,0.009154276726267093,0.006285207738742898,-9.676131479158537e-06,90,0.919459661140023,0.9927068597860774,0.919459661140023,0.04937917078358744,0.045618164356565134,{}
100003,bartlett_fixed_b_development,win,1024,1024,975,16,33,0,1018,1018,0.14920855593233107,0.21471897340988372,0.14920855593233107,0.0006258727323464509,90,0.9264793926467471,0.9927068597860774,0.9264793926467471,0.032635689822604196,0.05432430364672618,{}
100003,original_cr2,raw,1024,1024,982,20,22,0,1024,1024,0.005857673276435648,0.006982380581262374,0.005857673276435648,-9.676131479157917e-06,90,0.934780399388808,0.9927068597860774,0.934780399388808,0.037927316133296265,0.04051949325882064,{}
100003,original_cr2,synthetic_excess,1024,1024,982,20,22,0,1024,1024,0.005857673276435649,0.006982380581262377,0.005857673276435649,-9.676131479158537e-06,90,0.934780399388808,0.9927068597860774,0.934780399388808,0.037927316133296265,0.04051949325882064,{}
100003,original_cr2,win,1024,1024,967,19,38,0,1024,1024,0.13561653772713977,0.16169193130069914,0.13561653772713977,0.0006258727323464509,90,0.9171367773030115,0.9927068597860774,0.9171367773030115,0.03661880047894572,0.06041221682295022,{}
